[
 {
    "cmd": "save_iq_w_tx",
    "sync": true,
    "timeout": 30,

    "nsamps": 8192,

    "wotxrepeat": 0,
    
    "txrate": 250e3,
    "txfreq": 3393e6,
    "txgain": {"fixed": 80.0},
    "txsamps": {"file": "/local/repository/bin/QPSK-RX-Tutorial/QPSK_signal_v2026.iq"},
    "txwait": 3,
    "use_lo_offset": true,

    "rxrate": 250e3,
    "rxfreq": 3393e6,
    "rxgain": {"fixed": 70.0},
    "rxrepeat": 4,
    "rxwait": {"min": 50, "max": 2000, "res": "ms"},

    "txclients": ["cnode-ebc-dd-b210", "cnode-guesthouse-dd-b210", "cnode-mario-dd-b210", "cnode-moran-dd-b210", "cnode-ustar-dd-b210"],
    "rxclients": ["cnode-ebc-dd-b210", "cnode-guesthouse-dd-b210", "cnode-mario-dd-b210", "cnode-moran-dd-b210", "cnode-ustar-dd-b210"]
 }
]
